Quarter Start,Sales
1/1/92,1414
2/1/92,1444
3/1/92,1496
4/1/92,1569
5/1/92,1707
6/1/92,1663
7/1/92,1792
8/1/92,1744
9/1/92,1658
10/1/92,1763
11/1/92,1715
12/1/92,2354
1/1/93,1512
2/1/93,1433
3/1/93,1573
4/1/93,1606
5/1/93,1683
6/1/93,1679
7/1/93,1828
8/1/93,1665
9/1/93,1600
10/1/93,1647
11/1/93,1670
12/1/93,2287
1/1/94,1450
2/1/94,1410
3/1/94,1607
4/1/94,1648
5/1/94,1715
6/1/94,1741
7/1/94,1858
8/1/94,1742
9/1/94,1710
10/1/94,1693
11/1/94,1731
12/1/94,2416
1/1/95,1459
2/1/95,1407
3/1/95,1619
4/1/95,1594
5/1/95,1696
6/1/95,1747
7/1/95,1769
8/1/95,1745
9/1/95,1731
10/1/95,1678
11/1/95,1762
12/1/95,2437
1/1/96,1575
2/1/96,1549
3/1/96,1723
4/1/96,1687
5/1/96,1836
6/1/96,1837
7/1/96,1908
8/1/96,1936
9/1/96,1672
10/1/96,1748
11/1/96,1871
12/1/96,2395
1/1/97,1605
2/1/97,1526
3/1/97,1745
4/1/97,1712
5/1/97,1940
6/1/97,1886
7/1/97,1976
8/1/97,1960
9/1/97,1783
10/1/97,1932
11/1/97,1962
12/1/97,2657
1/1/98,1740
2/1/98,1665
3/1/98,1783
4/1/98,1848
5/1/98,2015
6/1/98,1938
7/1/98,2079
8/1/98,1993
9/1/98,1910
10/1/98,2033
11/1/98,2026
12/1/98,2857
1/1/99,1755
2/1/99,1700
3/1/99,1867
4/1/99,1974
5/1/99,2078
6/1/99,2017
7/1/99,2200
8/1/99,2013
9/1/99,2000
10/1/99,2088
11/1/99,2140
12/1/99,3076
1/1/00,1810
2/1/00,1863
3/1/00,2066
4/1/00,2011
5/1/00,2225
6/1/00,2278
7/1/00,2326
8/1/00,2288
9/1/00,2228
10/1/00,2223
11/1/00,2409
12/1/00,3192
1/1/01,1995
2/1/01,1941
3/1/01,2201
4/1/01,2110
5/1/01,2337
6/1/01,2389
7/1/01,2349
8/1/01,2382
9/1/01,2191
10/1/01,2279
11/1/01,2495
12/1/01,3349
1/1/02,1999
2/1/02,1994
3/1/02,2236
4/1/02,2174
5/1/02,2429
6/1/02,2349
7/1/02,2427
8/1/02,2451
9/1/02,2170
10/1/02,2267
11/1/02,2456
12/1/02,3294
1/1/03,2003
2/1/03,1931
3/1/03,2145
4/1/03,2202
5/1/03,2431
6/1/03,2297
7/1/03,2466
8/1/03,2511
9/1/03,2323
10/1/03,2495
11/1/03,2514
12/1/03,3456
1/1/04,2169
2/1/04,2101
3/1/04,2270
4/1/04,2418
5/1/04,2543
6/1/04,2505
7/1/04,2716
8/1/04,2485
9/1/04,2481
10/1/04,2586
11/1/04,2619
12/1/04,3604
1/1/05,2104
2/1/05,2194
3/1/05,2398
4/1/05,2501
5/1/05,2568
6/1/05,2637
7/1/05,2771
8/1/05,2645
9/1/05,2639
10/1/05,2656
11/1/05,2782
12/1/05,3925
1/1/06,2303
2/1/06,2394
3/1/06,2616
4/1/06,2653
5/1/06,2870
6/1/06,2906
7/1/06,2966
8/1/06,2878
9/1/06,2852
10/1/06,2773
11/1/06,2987
12/1/06,4067
1/1/07,2445
2/1/07,2478
3/1/07,2862
4/1/07,2730
5/1/07,3107
6/1/07,3203
7/1/07,3163
8/1/07,3136
9/1/07,2911
10/1/07,2942
11/1/07,3142
12/1/07,4195
1/1/08,2551
2/1/08,2677
3/1/08,2852
4/1/08,2861
5/1/08,3264
6/1/08,3132
7/1/08,3359
8/1/08,3316
9/1/08,3010
10/1/08,3201
11/1/08,3235
12/1/08,4260
1/1/09,2782
2/1/09,2657
3/1/09,2888
4/1/09,2990
5/1/09,3312
6/1/09,3160
7/1/09,3397
8/1/09,3249
9/1/09,3119
10/1/09,3274
11/1/09,3209
12/1/09,4422
1/1/10,2754
2/1/10,2790
3/1/10,3076
4/1/10,3168
5/1/10,3319
6/1/10,3292
7/1/10,3503
8/1/10,3307
9/1/10,3222
10/1/10,3349
11/1/10,3374
12/1/10,4484
1/1/11,2765
2/1/11,2858
3/1/11,3111
4/1/11,3221
5/1/11,3325
6/1/11,3402
7/1/11,3584
8/1/11,3428
9/1/11,3373
10/1/11,3372
11/1/11,3499
12/1/11,4696
1/1/12,2877
2/1/12,3077
3/1/12,3413
4/1/12,3278
5/1/12,3640
6/1/12,3668
7/1/12,3589
8/1/12,3606
9/1/12,3365
10/1/12,3482
11/1/12,3714
12/1/12,4917
1/1/13,3021
2/1/13,3088
3/1/13,3465
4/1/13,3334
5/1/13,3771
6/1/13,3636
7/1/13,3848
8/1/13,3908
9/1/13,3459
10/1/13,3605
11/1/13,3863
12/1/13,4961
1/1/14,3213
2/1/14,3143
3/1/14,3466
4/1/14,3511
5/1/14,3947
6/1/14,3822
7/1/14,4014
8/1/14,3988
9/1/14,3601
10/1/14,3857
11/1/14,3865
12/1/14,5245
1/1/15,3359
2/1/15,3273
3/1/15,3625
4/1/15,3631
5/1/15,4070
6/1/15,3957
7/1/15,4252
8/1/15,3995
9/1/15,3818
10/1/15,4004
11/1/15,3995
12/1/15,5444
1/1/16,3376
2/1/16,3528
3/1/16,3786
4/1/16,3844
5/1/16,4114
6/1/16,4179
7/1/16,4436
8/1/16,4182
9/1/16,4136
10/1/16,4138
11/1/16,4359
12/1/16,5645
1/1/17,3474
2/1/17,3503
3/1/17,3957
4/1/17,3960
5/1/17,4328
6/1/17,4353
7/1/17,4466
8/1/17,4324
9/1/17,4221
10/1/17,4218
11/1/17,4506
12/1/17,5801
1/1/18,3684
2/1/18,3686
3/1/18,4314
4/1/18,4028
5/1/18,4574
6/1/18,4611
7/1/18,4632
8/1/18,4569
9/1/18,4296
10/1/18,4432
11/1/18,4797
12/1/18,5969
1/1/19,3837
2/1/19,3818
3/1/19,4331
4/1/19,4252
5/1/19,4741
6/1/19,4647
7/1/19,4876
8/1/19,4902
9/1/19,4349
10/1/19,4569
11/1/19,4933
12/1/19,6163
1/1/20,4066
2/1/20,4184
3/1/20,5081
4/1/20,4757
5/1/20,5737
6/1/20,5572
7/1/20,5905
8/1/20,5634
9/1/20,5410
10/1/20,5590
11/1/20,5631
12/1/20,7142
1/1/21,4960
2/1/21,4831
3/1/21,5566
4/1/21,5560
5/1/21,5940
6/1/21,5877
7/1/21,6044
8/1/21,5601
9/1/21,5468
10/1/21,5647
11/1/21,5893
12/1/21,7474
1/1/22,4812
2/1/22,4920
3/1/22,5441
4/1/22,5544
5/1/22,5727
6/1/22,5833
7/1/22,6003
8/1/22,5755
9/1/22,5621
10/1/22,5744
11/1/22,6017
12/1/22,7651
1/1/23,4983
2/1/23,4972
3/1/23,5535
4/1/23,5527
5/1/23,6067
6/1/23,6040
7/1/23,6096
8/1/23,5834
9/1/23,5783
10/1/23,5736
11/1/23,6166
12/1/23,7863
1/1/24,4907
2/1/24,5248
3/1/24,5765
4/1/24,5539
5/1/24,6264
6/1/24,6155
7/1/24,6256
8/1/24,6203
9/1/24,5658
10/1/24,5987
11/1/24,6453
12/1/24,7854
1/1/25,5055
2/1/25,5037
3/1/25,5613
4/1/25,5626
5/1/25,6310
6/1/25,5950
7/1/25,6228
8/1/25,6143
9/1/25,5563
10/1/25,5947
11/1/25,6139
12/1/25,7706
1/1/26,5231
2/1/26,5045
3/1/26,5523
4/1/26,5617
5/1/26,6273
6/1/26,6132
7/1/26,6412