Week,Units,Week,Units,Week,Units,Week,Units
1,92002,27,110807,53,137556,79,160279
2,94242,28,114096,54,145577,80,164927
3,95333,29,113999,55,145112,81,166209
4,91277,30,115469,56,149901,82,160913
5,88003,31,122066,57,141009,83,168793
6,93865,32,127822,58,143445,84,164854
7,97898,33,131401,59,148921,85,164636
8,107585,34,123717,60,146808,86,170752
9,123236,35,142241,61,140739,87,166513
10,115543,36,125814,62,136716,88,154357
11,103296,37,127405,63,137177,89,159750
12,101954,38,134373,64,141887,90,159637
13,96490,39,130948,65,139916,91,159435
14,92969,40,134124,66,141351,92,164273
15,107879,41,129450,67,139629,93,164767
16,104775,42,126584,68,141735,94,160404
17,115529,43,126764,69,145638,95,155846
18,115529,44,134377,70,147768,96,153070
19,109539,45,124663,71,150637,97,152877
20,111815,46,125528,72,154863,98,176382
21,104053,47,123692,73,160509,99,154103
22,105173,48,127842,74,159772,100,156934
23,108543,49,156698,75,151231,101,151222
24,112262,50,138347,76,157968,102,158216
25,110730,51,140331,77,156091,103,160369
26,107845,52,132941,78,161154,104,166192
